id,name,createdAt,updatedAt
1,Ombre & Lumière,2024-12-11 17:01:19.239+01,2024-12-11 17:01:19.239+01
2,Reflet dans l'eau,2024-12-11 17:02:04.624+01,2024-12-11 17:02:04.624+01
5,Portrait d'un inconnu,2024-12-11 22:17:10.719098+01,2024-12-11 22:17:10.719098+01
6,La texture du bois,2024-12-11 22:17:10.719098+01,2024-12-11 22:17:10.719098+01
7,Votre repas pr‚f‚r‚,2024-12-11 22:17:10.719098+01,2024-12-11 22:17:10.719098+01
8,Les motifs dans la nature,2024-12-11 22:17:10.719098+01,2024-12-11 22:17:10.719098+01
9,Objets oubli‚s,2024-12-11 22:17:10.719098+01,2024-12-11 22:17:10.719098+01
10,Les fenˆtres de ta ville,2024-12-11 22:17:10.719098+01,2024-12-11 22:17:10.719098+01
11,Le contraste noir et blanc,2024-12-11 22:17:10.719098+01,2024-12-11 22:17:10.719098+01
12,Une rue anim‚e,2024-12-11 22:17:10.719098+01,2024-12-11 22:17:10.719098+01
13,Une porte unique,2024-12-11 22:17:10.719098+01,2024-12-11 22:17:10.719098+01
14,Un moment de s‚r‚nit‚,2024-12-11 22:17:10.719098+01,2024-12-11 22:17:10.719098+01
15,Le ciel aujourd'hui,2024-12-11 22:17:10.719098+01,2024-12-11 22:17:10.719098+01
16,Jeu de miroirs,2024-12-11 22:17:10.719098+01,2024-12-11 22:17:10.719098+01
17,Gouttes d'eau,2024-12-11 22:17:10.719098+01,2024-12-11 22:17:10.719098+01
18,Minimalisme,2024-12-11 22:17:10.719098+01,2024-12-11 22:17:10.719098+01
19,Un d‚tail qui brille,2024-12-11 22:17:10.719098+01,2024-12-11 22:17:10.719098+01
20,Une vue depuis en bas,2024-12-11 22:17:10.719098+01,2024-12-11 22:17:10.719098+01
21,Sym‚trie parfaite,2024-12-11 22:17:10.719098+01,2024-12-11 22:17:10.719098+01
22,Une scŠne au march‚,2024-12-11 22:17:10.719098+01,2024-12-11 22:17:10.719098+01
23,Les chaussures que tu portes,2024-12-11 22:17:10.719098+01,2024-12-11 22:17:10.719098+01
24,Nature morte moderne,2024-12-11 22:17:10.719098+01,2024-12-11 22:17:10.719098+01
25,Silhouettes au coucher de soleil,2024-12-11 22:17:10.719098+01,2024-12-11 22:17:10.719098+01
26,Outils de travail,2024-12-11 22:17:10.719098+01,2024-12-11 22:17:10.719098+01
27,Un animal dans son habitat,2024-12-11 22:17:10.719098+01,2024-12-11 22:17:10.719098+01
28,Un sourire captur‚,2024-12-11 22:17:10.719098+01,2024-12-11 22:17:10.719098+01
29,Mains en action,2024-12-11 22:17:10.719098+01,2024-12-11 22:17:10.719098+01
30,Panneaux et enseignes,2024-12-11 22:17:10.719098+01,2024-12-11 22:17:10.719098+01
31,D‚j…-vu urbain,2024-12-11 22:17:10.719098+01,2024-12-11 22:17:10.719098+01
32,L'art du caf‚,2024-12-11 22:17:10.719098+01,2024-12-11 22:17:10.719098+01
33,Toits et chemin‚es,2024-12-11 22:17:10.719098+01,2024-12-11 22:17:10.719098+01
34,Un moment calme,2024-12-11 22:17:10.719098+01,2024-12-11 22:17:10.719098+01
35,Le bleu paisible,2024-12-11 22:17:10.719098+01,2024-12-11 22:17:10.719098+01
36,Vert nature,2024-12-11 22:17:10.719098+01,2024-12-11 22:17:10.719098+01
37,Jaune vif,2024-12-11 22:17:10.719098+01,2024-12-11 22:17:10.719098+01
38,Une seule couleur dominante,2024-12-11 22:17:10.719098+01,2024-12-11 22:17:10.719098+01
39,Couleurs compl‚mentaires,2024-12-11 22:17:10.719098+01,2024-12-11 22:17:10.719098+01
40,Une scŠne monochrome,2024-12-11 22:17:10.719098+01,2024-12-11 22:17:10.719098+01
41,Explosion de couleurs,2024-12-11 22:17:10.719098+01,2024-12-11 22:17:10.719098+01
42,Objets transparents,2024-12-11 22:17:10.719098+01,2024-12-11 22:17:10.719098+01
43,Le blanc immacul‚,2024-12-11 22:17:10.719098+01,2024-12-11 22:17:10.719098+01
44,D‚grad‚ subtil,2024-12-11 22:17:10.719098+01,2024-12-11 22:17:10.719098+01
45,Nuances de gris,2024-12-11 22:17:10.719098+01,2024-12-11 22:17:10.719098+01
46,Une touche de n‚on,2024-12-11 22:17:10.719098+01,2024-12-11 22:17:10.719098+01
47,Couleurs pastel,2024-12-11 22:17:10.719098+01,2024-12-11 22:17:10.719098+01
48,L'arc-en-ciel,2024-12-11 22:17:10.719098+01,2024-12-11 22:17:10.719098+01
49,Un objet multicolore,2024-12-11 22:17:10.719098+01,2024-12-11 22:17:10.719098+01
50,Ton accessoire pr‚f‚r‚,2024-12-11 22:17:10.719098+01,2024-12-11 22:17:10.719098+01
51,Fleurs vives,2024-12-11 22:17:10.719098+01,2024-12-11 22:17:10.719098+01
52,Une peinture murale,2024-12-11 22:17:10.719098+01,2024-12-11 22:17:10.719098+01
53,Les lumiŠres de la nuit,2024-12-11 22:17:10.719098+01,2024-12-11 22:17:10.719098+01
54,Tissus et textiles,2024-12-11 22:17:10.719098+01,2024-12-11 22:17:10.719098+01
55,Composition abstraite,2024-12-11 22:17:10.719098+01,2024-12-11 22:17:10.719098+01
56,Effet vitrail,2024-12-11 22:17:10.719098+01,2024-12-11 22:17:10.719098+01
57,Un coucher de soleil ‚pique,2024-12-11 22:17:10.719098+01,2024-12-11 22:17:10.719098+01
58,Des bonbons ou confiseries,2024-12-11 22:17:10.719098+01,2024-12-11 22:17:10.719098+01
59,Une feuille au sol,2024-12-11 22:17:10.719098+01,2024-12-11 22:17:10.719098+01
60,Une riviŠre ou un ruisseau,2024-12-11 22:17:10.719098+01,2024-12-11 22:17:10.719098+01
61,Un arbre imposant,2024-12-11 22:17:10.719098+01,2024-12-11 22:17:10.719098+01
62,Champ de fleurs,2024-12-11 22:17:10.719098+01,2024-12-11 22:17:10.719098+01
63,Les insectes dans leur habitat,2024-12-11 22:17:10.719098+01,2024-12-11 22:17:10.719098+01
64,Une promenade en forˆt,2024-12-11 22:17:10.719098+01,2024-12-11 22:17:10.719098+01
65,Les nuages du jour,2024-12-11 22:17:10.719098+01,2024-12-11 22:17:10.719098+01
66,Un oiseau en plein vol,2024-12-11 22:17:10.719098+01,2024-12-11 22:17:10.719098+01
67,La ros‚e du matin,2024-12-11 22:17:10.719098+01,2024-12-11 22:17:10.719098+01
68,Des cailloux ou galets,2024-12-11 22:17:10.719098+01,2024-12-11 22:17:10.719098+01
69,Une plage d‚serte,2024-12-11 22:17:10.719098+01,2024-12-11 22:17:10.719098+01
70,Des herbes dans le vent,2024-12-11 22:17:10.719098+01,2024-12-11 22:17:10.719098+01
71,Une vue de montagne,2024-12-11 22:17:10.719098+01,2024-12-11 22:17:10.719098+01
72,Fleur en gros plan,2024-12-11 22:17:10.719098+01,2024-12-11 22:17:10.719098+01
73,Une plante grimpante,2024-12-11 22:17:10.719098+01,2024-12-11 22:17:10.719098+01
74,Reflets naturels dans l'eau,2024-12-11 22:17:10.719098+01,2024-12-11 22:17:10.719098+01
75,L'‚corce d'un arbre,2024-12-11 22:17:10.719098+01,2024-12-11 22:17:10.719098+01
76,Fruits sur un arbre,2024-12-11 22:17:10.719098+01,2024-12-11 22:17:10.719098+01
77,Un pont naturel,2024-12-11 22:17:10.719098+01,2024-12-11 22:17:10.719098+01
78,La lumiŠre … travers les feuilles,2024-12-11 22:17:10.719098+01,2024-12-11 22:17:10.719098+01
79,Votre tasse de th‚ ou caf‚,2024-12-11 22:17:10.719098+01,2024-12-11 22:17:10.719098+01
80,Un objet cass‚,2024-12-11 22:17:10.719098+01,2024-12-11 22:17:10.719098+01
81,Une pile de livres,2024-12-11 22:17:10.719098+01,2024-12-11 22:17:10.719098+01
82,Des outils d'‚criture,2024-12-11 22:17:10.719098+01,2024-12-11 22:17:10.719098+01
83,Textures rugueuses,2024-12-11 22:17:10.719098+01,2024-12-11 22:17:10.719098+01
84,Objets m‚talliques,2024-12-11 22:17:10.719098+01,2024-12-11 22:17:10.719098+01
85,Ton animal de compagnie,2024-12-11 22:17:10.719098+01,2024-12-11 22:17:10.719098+01
86,Une plante d'int‚rieur,2024-12-11 22:17:10.719098+01,2024-12-11 22:17:10.719098+01
87,Vos cl‚s,2024-12-11 22:17:10.719098+01,2024-12-11 22:17:10.719098+01
88,L'escalier de ton immeuble,2024-12-11 22:17:10.719098+01,2024-12-11 22:17:10.719098+01
89,La pluie sur une fenˆtre,2024-12-11 22:17:10.719098+01,2024-12-11 22:17:10.719098+01
90,Ta montre ou horloge,2024-12-11 22:17:10.719098+01,2024-12-11 22:17:10.719098+01
91,Des objets r‚tro,2024-12-11 22:17:10.719098+01,2024-12-11 22:17:10.719098+01
92,Les roues en mouvement,2024-12-11 22:17:10.719098+01,2024-12-11 22:17:10.719098+01
93,Un instrument de musique,2024-12-11 22:17:10.719098+01,2024-12-11 22:17:10.719098+01
94,Un objet fait main,2024-12-11 22:17:10.719098+01,2024-12-11 22:17:10.719098+01
95,Une vieille photo,2024-12-11 22:17:10.719098+01,2024-12-11 22:17:10.719098+01
96,Une collection ou assemblage,2024-12-11 22:17:10.719098+01,2024-12-11 22:17:10.719098+01
97,Un jeu d'enfance,2024-12-11 22:17:10.719098+01,2024-12-11 22:17:10.719098+01
98,Le d‚tail d'un vˆtement,2024-12-11 22:17:10.719098+01,2024-12-11 22:17:10.719098+01
99,Objets oubli‚s dans un grenier,2024-12-11 22:17:10.719098+01,2024-12-11 22:17:10.719098+01
100,Petits objets de couleur vive,2024-12-11 22:17:10.719098+01,2024-12-11 22:17:10.719098+01
101,Une porte entre-ouverte,2024-12-11 22:17:10.719098+01,2024-12-11 22:17:10.719098+01
102,Ta paire de lunettes,2024-12-11 22:17:10.719098+01,2024-12-11 22:17:10.719098+01
103,Une feuille tomb‚e,2024-12-11 22:17:10.719098+01,2024-12-11 22:17:10.719098+01
104,Les d‚tails d'une fleur,2024-12-11 22:17:10.719098+01,2024-12-11 22:17:10.719098+01
105,Un papillon dans un champ,2024-12-11 22:17:10.719098+01,2024-12-11 22:17:10.719098+01
106,La nature morte contemporaine,2024-12-11 22:17:10.719098+01,2024-12-11 22:17:10.719098+01
107,Le vent dans les arbres,2024-12-11 22:17:10.719098+01,2024-12-11 22:17:10.719098+01
108,Un animal sous la pluie,2024-12-11 22:17:10.719098+01,2024-12-11 22:17:10.719098+01
109,Une silhouette sombre,2024-12-11 22:17:10.719098+01,2024-12-11 22:17:10.719098+01
110,L'‚clat d'un diamant,2024-12-11 22:17:10.719098+01,2024-12-11 22:17:10.719098+01
111,Le changement des saisons,2024-12-11 22:17:10.719098+01,2024-12-11 22:17:10.719098+01
112,Une scŠne dans un caf‚,2024-12-11 22:17:10.719098+01,2024-12-11 22:17:10.719098+01
113,Un vieux livre ouvert,2024-12-11 22:17:10.719098+01,2024-12-11 22:17:10.719098+01
114,Une bougie allum‚e,2024-12-11 22:17:10.719098+01,2024-12-11 22:17:10.719098+01
115,Un ciel ‚toil‚,2024-12-11 22:17:10.719098+01,2024-12-11 22:17:10.719098+01
116,Le reflet d'un bƒtiment,2024-12-11 22:17:10.719098+01,2024-12-11 22:17:10.719098+01
117,Une silhouette en contre-jour,2024-12-11 22:17:10.719098+01,2024-12-11 22:17:10.719098+01
118,Un groupe d'amis,2024-12-11 22:17:10.719098+01,2024-12-11 22:17:10.719098+01
119,Une journ‚e pluvieuse,2024-12-11 22:17:10.719098+01,2024-12-11 22:17:10.719098+01
120,Un vieux v‚lo abandonn‚,2024-12-11 22:17:10.719098+01,2024-12-11 22:17:10.719098+01
121,Un tramway en mouvement,2024-12-11 22:17:10.719098+01,2024-12-11 22:17:10.719098+01
122,Des nuages charg‚s de pluie,2024-12-11 22:17:10.719098+01,2024-12-11 22:17:10.719098+01
123,L'int‚rieur d'un mus‚e,2024-12-11 22:17:10.719098+01,2024-12-11 22:17:10.719098+01
124,Les traces dans le sable,2024-12-11 22:17:10.719098+01,2024-12-11 22:17:10.719098+01
125,Un ciel au cr‚puscule,2024-12-11 22:17:10.719098+01,2024-12-11 22:17:10.719098+01
126,Les empreintes dans la neige,2024-12-11 22:17:10.719098+01,2024-12-11 22:17:10.719098+01
127,Un coin de rue tranquille,2024-12-11 22:17:10.719098+01,2024-12-11 22:17:10.719098+01
128,Un paysage hivernal,2024-12-11 22:17:10.719098+01,2024-12-11 22:17:10.719098+01
130,Coucher de soleil magique,2024-12-12 07:58:49.342108+01,2024-12-12 07:58:49.342108+01
131,Reflets dans la ville,2024-12-12 07:58:49.342108+01,2024-12-12 07:58:49.342108+01
132,Textures inattendues,2024-12-12 07:58:49.342108+01,2024-12-12 07:58:49.342108+01
133,Portrait en clair-obscur,2024-12-12 07:58:49.342108+01,2024-12-12 07:58:49.342108+01
134,Un objet du quotidien sous un autre angle,2024-12-12 07:58:49.342108+01,2024-12-12 07:58:49.342108+01
135,LumiŠres de la nuit,2024-12-12 08:06:13.072218+01,2024-12-12 08:06:13.072218+01
136,Un animal sauvage en action,2024-12-12 08:06:13.072218+01,2024-12-12 08:06:13.072218+01
137,Les vagues sur la plage,2024-12-12 08:06:13.072218+01,2024-12-12 08:06:13.072218+01
138,Une scŠne de march‚ color‚e,2024-12-12 08:06:13.072218+01,2024-12-12 08:06:13.072218+01
139,Un bƒtiment abandonn‚,2024-12-12 08:06:13.072218+01,2024-12-12 08:06:13.072218+01
140,Des gouttes de pluie sur une vitre,2024-12-12 08:06:13.072218+01,2024-12-12 08:06:13.072218+01
141,Une fleur en gros plan,2024-12-12 08:06:35.901801+01,2024-12-12 08:06:35.901801+01
142,Une rue illumin‚e,2024-12-12 08:06:35.901801+01,2024-12-12 08:06:35.901801+01
143,Reflets dans une flaque,2024-12-12 08:06:35.901801+01,2024-12-12 08:06:35.901801+01
144,Un portrait en noir et blanc,2024-12-12 08:06:35.901801+01,2024-12-12 08:06:35.901801+01
145,Le jeu des ombres,2024-12-12 08:06:35.901801+01,2024-12-12 08:06:35.901801+01
146,Textures du m‚tal,2024-12-12 08:06:35.901801+01,2024-12-12 08:06:35.901801+01
147,Un arbre imposant,2024-12-12 08:06:35.901801+01,2024-12-12 08:06:35.901801+01
148,Un coucher de soleil spectaculaire,2024-12-12 08:06:35.901801+01,2024-12-12 08:06:35.901801+01
149,Des nuages dramatiques,2024-12-12 08:06:35.901801+01,2024-12-12 08:06:35.901801+01
150,Une main en mouvement,2024-12-12 08:06:35.901801+01,2024-12-12 08:06:35.901801+01
151,Un moment de silence,2024-12-12 08:10:38.489207+01,2024-12-12 08:10:38.489207+01
152,Des escaliers en colima‡on,2024-12-12 08:12:21.371968+01,2024-12-12 08:12:21.371968+01
153,Une vue depuis une fenˆtre,2024-12-12 08:12:21.371968+01,2024-12-12 08:12:21.371968+01
154,Un d‚tail architectural,2024-12-12 08:12:21.371968+01,2024-12-12 08:12:21.371968+01
155,Une composition minimaliste,2024-12-12 08:12:21.371968+01,2024-12-12 08:12:21.371968+01
156,Le reflet d'un miroir,2024-12-12 08:12:21.371968+01,2024-12-12 08:12:21.371968+01
157,Un paysage enneig‚,2024-12-12 08:13:25.638389+01,2024-12-12 08:13:25.638389+01
158,Une rue d‚serte,2024-12-12 08:13:25.638389+01,2024-12-12 08:13:25.638389+01
159,Des fruits sur une table,2024-12-12 08:13:25.638389+01,2024-12-12 08:13:25.638389+01
160,Un graffiti color‚,2024-12-12 08:13:25.638389+01,2024-12-12 08:13:25.638389+01
161,Une scŠne de la vie quotidienne,2024-12-12 08:13:41.800415+01,2024-12-12 08:13:41.800415+01
162,Un animal dans son habitat naturel,2024-12-12 08:13:41.800415+01,2024-12-12 08:13:41.800415+01
163,Un pont au lever du soleil,2024-12-12 08:13:41.800415+01,2024-12-12 08:13:41.800415+01
164,Un livre ouvert,2024-12-12 08:13:41.800415+01,2024-12-12 08:13:41.800415+01
165,Une texture rugueuse,2024-12-12 08:13:41.800415+01,2024-12-12 08:13:41.800415+01
166,Une lumiŠre tamis‚e,2024-12-12 08:13:41.800415+01,2024-12-12 08:13:41.800415+01
167,Un objet ancien,2024-12-12 08:14:05.115255+01,2024-12-12 08:14:05.115255+01
168,Des chaussures abandonn‚es,2024-12-12 08:14:05.115255+01,2024-12-12 08:14:05.115255+01
169,Un monument embl‚matique,2024-12-12 08:14:05.115255+01,2024-12-12 08:14:05.115255+01
170,Des silhouettes humaines,2024-12-12 08:14:05.115255+01,2024-12-12 08:14:05.115255+01
171,Un animal domestique,2024-12-12 08:14:05.115255+01,2024-12-12 08:14:05.115255+01
172,Des plantes grimpantes,2024-12-12 08:14:05.115255+01,2024-12-12 08:14:05.115255+01
173,Un v‚lo gar‚,2024-12-12 08:14:05.115255+01,2024-12-12 08:14:05.115255+01
174,Un bateau sur l'eau,2024-12-12 08:15:19.707902+01,2024-12-12 08:15:19.707902+01
175,Une ruelle ‚troite,2024-12-12 08:15:19.707902+01,2024-12-12 08:15:19.707902+01
176,Un parc en automne,2024-12-12 08:15:19.707902+01,2024-12-12 08:15:19.707902+01
177,Un d‚tail de votre maison,2024-12-12 08:15:19.707902+01,2024-12-12 08:15:19.707902+01
178,Un masque myst‚rieux,2024-12-12 08:15:19.707902+01,2024-12-12 08:15:19.707902+01
179,Une tasse de th‚ fumante,2024-12-12 08:15:19.707902+01,2024-12-12 08:15:19.707902+01
180,Un portrait de profil,2024-12-12 08:15:19.707902+01,2024-12-12 08:15:19.707902+01
181,Un instrument de musique,2024-12-12 08:15:19.707902+01,2024-12-12 08:15:19.707902+01
182,Des oiseaux en vol,2024-12-12 08:15:19.707902+01,2024-12-12 08:15:19.707902+01
183,Un parapluie color‚,2024-12-12 08:15:50.461449+01,2024-12-12 08:15:50.461449+01
184,Un objet transparent,2024-12-12 08:15:50.461449+01,2024-12-12 08:15:50.461449+01
185,Une scŠne au bord de l'eau,2024-12-12 08:15:50.461449+01,2024-12-12 08:15:50.461449+01
186,Un enfant jouant,2024-12-12 08:15:50.461449+01,2024-12-12 08:15:50.461449+01
187,Des ombres sur un mur,2024-12-12 08:15:50.461449+01,2024-12-12 08:15:50.461449+01
188,Un plat savoureux,2024-12-12 08:15:50.461449+01,2024-12-12 08:15:50.461449+01
189,Des objets en mouvement,2024-12-12 08:15:50.461449+01,2024-12-12 08:15:50.461449+01
190,Une fleur sauvage,2024-12-12 08:15:50.461449+01,2024-12-12 08:15:50.461449+01
191,Une scŠne de montagne,2024-12-12 08:16:22.590542+01,2024-12-12 08:16:22.590542+01
192,Un feu de chemin‚e,2024-12-12 08:16:22.590542+01,2024-12-12 08:16:22.590542+01
193,Une vieille horloge,2024-12-12 08:16:22.590542+01,2024-12-12 08:16:22.590542+01
194,Des couleurs pastel,2024-12-12 08:16:22.590542+01,2024-12-12 08:16:22.590542+01
195,Un chemin forestier,2024-12-12 08:16:22.590542+01,2024-12-12 08:16:22.590542+01
196,Une scŠne de la plage,2024-12-12 08:16:22.590542+01,2024-12-12 08:16:22.590542+01
197,Un objet en verre,2024-12-12 08:16:22.590542+01,2024-12-12 08:16:22.590542+01
198,Une porte ancienne,2024-12-12 08:16:22.590542+01,2024-12-12 08:16:22.590542+01
199,Un march‚ nocturne,2024-12-12 08:16:22.590542+01,2024-12-12 08:16:22.590542+01
200,Une silhouette au coucher du soleil,2024-12-12 08:16:22.590542+01,2024-12-12 08:16:22.590542+01
201,Une scŠne de pluie,2024-12-12 08:16:22.590542+01,2024-12-12 08:16:22.590542+01
202,Un chat endormi,2024-12-12 08:16:22.590542+01,2024-12-12 08:16:22.590542+01
203,Une vue depuis une colline,2024-12-12 08:16:22.590542+01,2024-12-12 08:16:22.590542+01
204,Une fontaine en action,2024-12-12 08:16:22.590542+01,2024-12-12 08:16:22.590542+01
205,Un banc dans un parc,2024-12-12 08:16:22.590542+01,2024-12-12 08:16:22.590542+01
206,Des fleurs s‚ch‚es,2024-12-12 08:16:22.590542+01,2024-12-12 08:16:22.590542+01
207,Un sentier dans la neige,2024-12-12 08:16:22.590542+01,2024-12-12 08:16:22.590542+01
208,Un groupe de personnes,2024-12-12 08:16:22.590542+01,2024-12-12 08:16:22.590542+01
209,Un objet multicolore,2024-12-12 08:16:22.590542+01,2024-12-12 08:16:22.590542+01
210,Des drapeaux flottants,2024-12-12 08:16:22.590542+01,2024-12-12 08:16:22.590542+01
211,Une scŠne dans un caf‚,2024-12-12 08:16:22.590542+01,2024-12-12 08:16:22.590542+01
212,Un arbre en fleurs,2024-12-12 08:16:22.590542+01,2024-12-12 08:16:22.590542+01
213,Un objet fait main,2024-12-12 08:16:22.590542+01,2024-12-12 08:16:22.590542+01
214,Un paysage d‚sertique,2024-12-12 08:16:22.590542+01,2024-12-12 08:16:22.590542+01
215,Un panier de fruits,2024-12-12 08:16:22.590542+01,2024-12-12 08:16:22.590542+01
216,Une rue pav‚e,2024-12-12 08:16:22.590542+01,2024-12-12 08:16:22.590542+01
217,Un objet brillant,2024-12-12 08:16:22.590542+01,2024-12-12 08:16:22.590542+01
218,Un pont c‚lŠbre,2024-12-12 08:16:22.590542+01,2024-12-12 08:16:22.590542+01
219,Une vue sous la pluie,2024-12-12 08:16:22.590542+01,2024-12-12 08:16:22.590542+01
220,Un portrait spontan‚,2024-12-12 08:16:22.590542+01,2024-12-12 08:16:22.590542+01
221,Un animal au zoo,2024-12-12 08:16:22.590542+01,2024-12-12 08:16:22.590542+01
222,Une vieille machine,2024-12-12 08:16:22.590542+01,2024-12-12 08:16:22.590542+01
223,Un feuillage dense,2024-12-12 08:16:22.590542+01,2024-12-12 08:16:22.590542+01
224,Des nuages au coucher du soleil,2024-12-12 08:16:22.590542+01,2024-12-12 08:16:22.590542+01
225,Une sculpture intrigante,2024-12-12 08:16:22.590542+01,2024-12-12 08:16:22.590542+01
226,Des feuilles mortes,2024-12-12 08:16:22.590542+01,2024-12-12 08:16:22.590542+01
227,Un portrait humoristique,2024-12-12 08:16:22.590542+01,2024-12-12 08:16:22.590542+01
228,Un objet sous un angle inhabituel,2024-12-12 08:16:22.590542+01,2024-12-12 08:16:22.590542+01
229,Des lumiŠres urbaines,2024-12-12 08:16:22.590542+01,2024-12-12 08:16:22.590542+01
230,Un masque traditionnel,2024-12-12 08:16:22.590542+01,2024-12-12 08:16:22.590542+01
231,Un march‚ en plein air,2024-12-12 08:16:22.590542+01,2024-12-12 08:16:22.590542+01
232,Un objet rouge vif,2024-12-12 08:16:22.590542+01,2024-12-12 08:16:22.590542+01
233,Des mains qui travaillent,2024-12-12 08:16:22.590542+01,2024-12-12 08:16:22.590542+01
234,Une scŠne dans un train,2024-12-12 08:16:22.590542+01,2024-12-12 08:16:22.590542+01
235,Un objet vintage,2024-12-12 08:16:22.590542+01,2024-12-12 08:16:22.590542+01
236,Un reflet dans un miroir,2024-12-12 08:16:22.590542+01,2024-12-12 08:16:22.590542+01
237,Une lampe allum‚e,2024-12-12 08:16:22.590542+01,2024-12-12 08:16:22.590542+01
238,Une scŠne de carnaval,2024-12-12 08:16:22.590542+01,2024-12-12 08:16:22.590542+01
239,Un coucher de lune,2024-12-12 08:16:22.590542+01,2024-12-12 08:16:22.590542+01
240,Une gare anim‚e,2024-12-12 08:16:22.590542+01,2024-12-12 08:16:22.590542+01
241,Des ombres allong‚es,2024-12-12 08:16:22.590542+01,2024-12-12 08:16:22.590542+01
242,Une photo prise … travers une fenˆtre,2024-12-12 08:16:22.590542+01,2024-12-12 08:16:22.590542+01
243,Un d‚tail color‚ dans la rue,2024-12-12 08:16:22.590542+01,2024-12-12 08:16:22.590542+01
244,Une plante suspendue,2024-12-12 08:16:22.590542+01,2024-12-12 08:16:22.590542+01
245,Des vˆtements ‚tendus,2024-12-12 08:16:22.590542+01,2024-12-12 08:16:22.590542+01
246,Un portrait en mouvement,2024-12-12 08:16:22.590542+01,2024-12-12 08:16:22.590542+01
247,Des bulles de savon,2024-12-12 08:16:22.590542+01,2024-12-12 08:16:22.590542+01
248,Une boŒte … souvenirs,2024-12-12 08:16:22.590542+01,2024-12-12 08:16:22.590542+01
249,Un objet ancien et rouill‚,2024-12-12 08:16:22.590542+01,2024-12-12 08:16:22.590542+01
250,Une lanterne suspendue,2024-12-12 08:16:22.590542+01,2024-12-12 08:16:22.590542+01
251,Un escalier myst‚rieux,2024-12-12 08:16:22.590542+01,2024-12-12 08:16:22.590542+01
252,Un rayon de soleil … travers les arbres,2024-12-12 08:16:22.590542+01,2024-12-12 08:16:22.590542+01
253,Une tasse de caf‚ en ext‚rieur,2024-12-12 08:16:22.590542+01,2024-12-12 08:16:22.590542+01
254,Un objet en bois,2024-12-12 08:16:22.590542+01,2024-12-12 08:16:22.590542+01
255,Des enfants jouant ensemble,2024-12-12 08:16:22.590542+01,2024-12-12 08:16:22.590542+01
256,Une vue panoramique,2024-12-12 08:16:22.590542+01,2024-12-12 08:16:22.590542+01
257,Un objet transparent,2024-12-12 08:16:22.590542+01,2024-12-12 08:16:22.590542+01
258,Une enseigne lumineuse,2024-12-12 08:16:22.590542+01,2024-12-12 08:16:22.590542+01
259,Une ruelle pav‚e,2024-12-12 08:16:22.590542+01,2024-12-12 08:16:22.590542+01
260,Un objet myst‚rieux,2024-12-12 08:16:22.590542+01,2024-12-12 08:16:22.590542+01
261,Un chien jouant,2024-12-12 08:16:22.590542+01,2024-12-12 08:16:22.590542+01
262,Une scŠne de montagne,2024-12-12 08:19:47.823939+01,2024-12-12 08:19:47.823939+01
263,Un feu de chemin‚e,2024-12-12 08:19:47.823939+01,2024-12-12 08:19:47.823939+01
264,Une vieille horloge,2024-12-12 08:19:47.823939+01,2024-12-12 08:19:47.823939+01
265,Des couleurs pastel,2024-12-12 08:19:47.823939+01,2024-12-12 08:19:47.823939+01
266,Un chemin forestier,2024-12-12 08:19:47.823939+01,2024-12-12 08:19:47.823939+01
267,Une scŠne de la plage,2024-12-12 08:19:47.823939+01,2024-12-12 08:19:47.823939+01
268,Un objet en verre,2024-12-12 08:19:47.823939+01,2024-12-12 08:19:47.823939+01
269,Une porte ancienne,2024-12-12 08:19:47.823939+01,2024-12-12 08:19:47.823939+01
270,Un march‚ nocturne,2024-12-12 08:19:47.823939+01,2024-12-12 08:19:47.823939+01
271,Une silhouette au coucher du soleil,2024-12-12 08:19:47.823939+01,2024-12-12 08:19:47.823939+01
272,Une scŠne de pluie,2024-12-12 08:19:47.823939+01,2024-12-12 08:19:47.823939+01
273,Un chat endormi,2024-12-12 08:19:47.823939+01,2024-12-12 08:19:47.823939+01
274,Une vue depuis une colline,2024-12-12 08:19:47.823939+01,2024-12-12 08:19:47.823939+01
275,Une fontaine en action,2024-12-12 08:19:47.823939+01,2024-12-12 08:19:47.823939+01
276,Un banc dans un parc,2024-12-12 08:19:47.823939+01,2024-12-12 08:19:47.823939+01
277,Des fleurs s‚ch‚es,2024-12-12 08:19:47.823939+01,2024-12-12 08:19:47.823939+01
278,Un sentier dans la neige,2024-12-12 08:19:47.823939+01,2024-12-12 08:19:47.823939+01
279,Un groupe de personnes,2024-12-12 08:19:47.823939+01,2024-12-12 08:19:47.823939+01
280,Un objet multicolore,2024-12-12 08:19:47.823939+01,2024-12-12 08:19:47.823939+01
281,Des drapeaux flottants,2024-12-12 08:19:47.823939+01,2024-12-12 08:19:47.823939+01
282,Une scŠne dans un caf‚,2024-12-12 08:19:47.823939+01,2024-12-12 08:19:47.823939+01
283,Un arbre en fleurs,2024-12-12 08:19:47.823939+01,2024-12-12 08:19:47.823939+01
284,Un objet fait main,2024-12-12 08:19:47.823939+01,2024-12-12 08:19:47.823939+01
285,Un paysage d‚sertique,2024-12-12 08:19:47.823939+01,2024-12-12 08:19:47.823939+01
286,Un panier de fruits,2024-12-12 08:19:47.823939+01,2024-12-12 08:19:47.823939+01
287,Une rue pav‚e,2024-12-12 08:19:47.823939+01,2024-12-12 08:19:47.823939+01
288,Un objet brillant,2024-12-12 08:19:47.823939+01,2024-12-12 08:19:47.823939+01
289,Un pont c‚lŠbre,2024-12-12 08:19:47.823939+01,2024-12-12 08:19:47.823939+01
290,Une vue sous la pluie,2024-12-12 08:19:47.823939+01,2024-12-12 08:19:47.823939+01
291,Un portrait spontan‚,2024-12-12 08:19:47.823939+01,2024-12-12 08:19:47.823939+01
292,Un animal au zoo,2024-12-12 08:19:47.823939+01,2024-12-12 08:19:47.823939+01
293,Une vieille machine,2024-12-12 08:19:47.823939+01,2024-12-12 08:19:47.823939+01
294,Un feuillage dense,2024-12-12 08:19:47.823939+01,2024-12-12 08:19:47.823939+01
295,Des nuages au coucher du soleil,2024-12-12 08:19:47.823939+01,2024-12-12 08:19:47.823939+01
296,Une sculpture intrigante,2024-12-12 08:19:47.823939+01,2024-12-12 08:19:47.823939+01
297,Des feuilles mortes,2024-12-12 08:19:47.823939+01,2024-12-12 08:19:47.823939+01
298,Un portrait humoristique,2024-12-12 08:19:47.823939+01,2024-12-12 08:19:47.823939+01
299,Un objet sous un angle inhabituel,2024-12-12 08:19:47.823939+01,2024-12-12 08:19:47.823939+01
300,Des lumiŠres urbaines,2024-12-12 08:19:47.823939+01,2024-12-12 08:19:47.823939+01
301,Un masque traditionnel,2024-12-12 08:19:47.823939+01,2024-12-12 08:19:47.823939+01
302,Un march‚ en plein air,2024-12-12 08:19:47.823939+01,2024-12-12 08:19:47.823939+01
303,Un objet rouge vif,2024-12-12 08:19:47.823939+01,2024-12-12 08:19:47.823939+01
304,Des mains qui travaillent,2024-12-12 08:19:47.823939+01,2024-12-12 08:19:47.823939+01
305,Une scŠne dans un train,2024-12-12 08:19:47.823939+01,2024-12-12 08:19:47.823939+01
306,Un objet vintage,2024-12-12 08:19:47.823939+01,2024-12-12 08:19:47.823939+01
307,Un reflet dans un miroir,2024-12-12 08:19:47.823939+01,2024-12-12 08:19:47.823939+01
308,Une lampe allum‚e,2024-12-12 08:19:47.823939+01,2024-12-12 08:19:47.823939+01
309,Une scŠne de carnaval,2024-12-12 08:19:47.823939+01,2024-12-12 08:19:47.823939+01
310,Un coucher de lune,2024-12-12 08:19:47.823939+01,2024-12-12 08:19:47.823939+01
311,Une gare anim‚e,2024-12-12 08:19:47.823939+01,2024-12-12 08:19:47.823939+01
312,Des ombres allong‚es,2024-12-12 08:19:47.823939+01,2024-12-12 08:19:47.823939+01
313,Une photo prise … travers une fenˆtre,2024-12-12 08:19:47.823939+01,2024-12-12 08:19:47.823939+01
314,Un d‚tail color‚ dans la rue,2024-12-12 08:19:47.823939+01,2024-12-12 08:19:47.823939+01
315,Une plante suspendue,2024-12-12 08:19:47.823939+01,2024-12-12 08:19:47.823939+01
316,Des vˆtements ‚tendus,2024-12-12 08:19:47.823939+01,2024-12-12 08:19:47.823939+01
317,Un portrait en mouvement,2024-12-12 08:19:47.823939+01,2024-12-12 08:19:47.823939+01
318,Des bulles de savon,2024-12-12 08:19:47.823939+01,2024-12-12 08:19:47.823939+01
319,Une boŒte … souvenirs,2024-12-12 08:19:47.823939+01,2024-12-12 08:19:47.823939+01
320,Un objet ancien et rouill‚,2024-12-12 08:19:47.823939+01,2024-12-12 08:19:47.823939+01
321,Une lanterne suspendue,2024-12-12 08:19:47.823939+01,2024-12-12 08:19:47.823939+01
322,Un escalier myst‚rieux,2024-12-12 08:19:47.823939+01,2024-12-12 08:19:47.823939+01
323,Un rayon de soleil … travers les arbres,2024-12-12 08:19:47.823939+01,2024-12-12 08:19:47.823939+01
324,Une tasse de caf‚ en ext‚rieur,2024-12-12 08:19:47.823939+01,2024-12-12 08:19:47.823939+01
325,Un objet en bois,2024-12-12 08:19:47.823939+01,2024-12-12 08:19:47.823939+01
326,Des enfants jouant ensemble,2024-12-12 08:19:47.823939+01,2024-12-12 08:19:47.823939+01
327,Une vue panoramique,2024-12-12 08:19:47.823939+01,2024-12-12 08:19:47.823939+01
328,Un objet transparent,2024-12-12 08:19:47.823939+01,2024-12-12 08:19:47.823939+01
329,Une enseigne lumineuse,2024-12-12 08:19:47.823939+01,2024-12-12 08:19:47.823939+01
330,Une ruelle pav‚e,2024-12-12 08:19:47.823939+01,2024-12-12 08:19:47.823939+01
331,Un objet myst‚rieux,2024-12-12 08:19:47.823939+01,2024-12-12 08:19:47.823939+01
332,Un chien jouant,2024-12-12 08:19:47.823939+01,2024-12-12 08:19:47.823939+01
333,Les derniŠres feuilles tomb‚es,2024-12-12 08:26:22.593194+01,2024-12-12 08:26:22.593194+01
334,Une soir‚e sous un plaid,2024-12-12 08:26:22.593194+01,2024-12-12 08:26:22.593194+01
335,Un th‚ chaud au coin du feu,2024-12-12 08:26:22.593194+01,2024-12-12 08:26:22.593194+01
336,Une forˆt hivernale,2024-12-12 08:26:22.593194+01,2024-12-12 08:26:22.593194+01
337,Un sapin de No‰l d‚cor‚,2024-12-12 08:26:22.593194+01,2024-12-12 08:26:22.593194+01
338,Une guirlande scintillante,2024-12-12 08:26:22.593194+01,2024-12-12 08:26:22.593194+01
339,Une maison illumin‚e,2024-12-12 08:26:22.593194+01,2024-12-12 08:26:22.593194+01
340,Une ‚toile dans la nuit,2024-12-12 08:26:22.593194+01,2024-12-12 08:26:22.593194+01
341,Un chocolat chaud avec des marshmallows,2024-12-12 08:26:22.593194+01,2024-12-12 08:26:22.593194+01
342,Des d‚corations de No‰l,2024-12-12 08:26:22.593194+01,2024-12-12 08:26:22.593194+01
343,Un bonhomme de neige souriant,2024-12-12 08:26:22.593194+01,2024-12-12 08:26:22.593194+01
344,Une vue enneig‚e depuis une fenˆtre,2024-12-12 08:26:22.593194+01,2024-12-12 08:26:22.593194+01
345,Des patins … glace en action,2024-12-12 08:26:22.593194+01,2024-12-12 08:26:22.593194+01
346,Un march‚ de No‰l anim‚,2024-12-12 08:26:22.593194+01,2024-12-12 08:26:22.593194+01
347,Une couronne de houx,2024-12-12 08:26:44.424429+01,2024-12-12 08:26:44.424429+01
348,Des biscuits de No‰l,2024-12-12 08:26:44.424429+01,2024-12-12 08:26:44.424429+01
349,Un traŒneau rempli de cadeaux,2024-12-12 08:26:44.424429+01,2024-12-12 08:26:44.424429+01
350,Une chaussette de No‰l suspendue,2024-12-12 08:26:44.424429+01,2024-12-12 08:26:44.424429+01
351,Des chants de No‰l dans la rue,2024-12-12 08:26:44.424429+01,2024-12-12 08:26:44.424429+01
352,Un enfant ouvrant un cadeau,2024-12-12 08:26:44.424429+01,2024-12-12 08:26:44.424429+01
353,Un dŒner festif,2024-12-12 08:26:44.424429+01,2024-12-12 08:26:44.424429+01
354,Une ‚toile au sommet d'un sapin,2024-12-12 08:26:44.424429+01,2024-12-12 08:26:44.424429+01
355,Un paysage givr‚,2024-12-12 08:26:44.424429+01,2024-12-12 08:26:44.424429+01
356,Une lanterne ‚clairant une rue enneig‚e,2024-12-12 08:27:05.526546+01,2024-12-12 08:27:05.526546+01
357,Un chien portant un chapeau de No‰l,2024-12-12 08:27:05.526546+01,2024-12-12 08:27:05.526546+01
358,Des cartes de voux color‚es,2024-12-12 08:27:05.526546+01,2024-12-12 08:27:05.526546+01
359,Une boule … neige secou‚e,2024-12-12 08:27:05.526546+01,2024-12-12 08:27:05.526546+01
360,Un feu de chemin‚e cr‚pitant,2024-12-12 08:27:05.526546+01,2024-12-12 08:27:05.526546+01
361,Des ‚toiles filantes dans le ciel,2024-12-12 08:27:05.526546+01,2024-12-12 08:27:05.526546+01
362,Une ambiance cosy,2024-12-12 08:27:05.526546+01,2024-12-12 08:27:05.526546+01
363,Un r‚veillon en famille,2024-12-12 08:27:05.526546+01,2024-12-12 08:27:05.526546+01
364,Une horloge indiquant minuit,2024-12-12 08:27:05.526546+01,2024-12-12 08:27:05.526546+01
365,Des feux d'artifice illuminant le ciel,2024-12-12 08:27:05.526546+01,2024-12-12 08:27:05.526546+01
366,Un toast au champagne,2024-12-12 08:27:05.526546+01,2024-12-12 08:27:05.526546+01
367,Une r‚solution pour la nouvelle ann‚e,2024-12-12 08:27:05.526546+01,2024-12-12 08:27:05.526546+01
